{
  "test_loss": 0.21547344326972961,
  "test_f1": 0.3928493559360504,
  "test_AP": 0.32869523763656616,
  "test_precision": 0.5087297558784485,
  "test_recall": 0.319966197013855,
  "test_iou": 0.24443840980529785
}