{
  "test_loss": 0.21696357429027557,
  "test_f1": 0.5368855595588684,
  "test_AP": 0.502825915813446,
  "test_precision": 0.5678860545158386,
  "test_recall": 0.5090944766998291,
  "test_iou": 0.3669470548629761
}