{
  "test_loss": 0.2106286585330963,
  "test_f1": 0.4099501371383667,
  "test_AP": 0.3441909849643707,
  "test_precision": 0.4757988750934601,
  "test_recall": 0.3601120412349701,
  "test_iou": 0.257822185754776
}