{
  "test_loss": 0.21319188177585602,
  "test_f1": 0.5373529195785522,
  "test_AP": 0.4918588697910309,
  "test_precision": 0.5515648126602173,
  "test_recall": 0.5238550305366516,
  "test_iou": 0.3673838675022125
}