{
  "test_loss": 0.21740210056304932,
  "test_f1": 0.6070908308029175,
  "test_AP": 0.6077926754951477,
  "test_precision": 0.6267737746238708,
  "test_recall": 0.5886064767837524,
  "test_iou": 0.435843825340271
}