{
  "test_loss": 0.2117033153772354,
  "test_f1": 0.5428536534309387,
  "test_AP": 0.5235933065414429,
  "test_precision": 0.6052398681640625,
  "test_recall": 0.49212682247161865,
  "test_iou": 0.3725457489490509
}