{
  "test_loss": 0.2023506611585617,
  "test_f1": 0.6158093214035034,
  "test_AP": 0.6041881442070007,
  "test_precision": 0.5922973155975342,
  "test_recall": 0.6412651538848877,
  "test_iou": 0.444887638092041
}