{
  "test_loss": 0.2079657018184662,
  "test_f1": 0.5995387434959412,
  "test_AP": 0.5866539478302002,
  "test_precision": 0.6214930415153503,
  "test_recall": 0.5790825486183167,
  "test_iou": 0.42810091376304626
}