{
  "test_loss": 0.21557919681072235,
  "test_f1": 0.5022271871566772,
  "test_AP": 0.48032647371292114,
  "test_precision": 0.48150041699409485,
  "test_recall": 0.5248185992240906,
  "test_iou": 0.335316002368927
}