{
  "test_loss": 0.2132069617509842,
  "test_f1": 0.387649804353714,
  "test_AP": 0.3360022306442261,
  "test_precision": 0.5021926760673523,
  "test_recall": 0.3156537711620331,
  "test_iou": 0.24042531847953796
}