{
  "test_loss": 0.21018925309181213,
  "test_f1": 0.5511075258255005,
  "test_AP": 0.5219753980636597,
  "test_precision": 0.5585433840751648,
  "test_recall": 0.5438669919967651,
  "test_iou": 0.38036465644836426
}