{
  "test_loss": 0.20910939574241638,
  "test_f1": 0.5445830821990967,
  "test_AP": 0.5052696466445923,
  "test_precision": 0.5375415086746216,
  "test_recall": 0.5518115758895874,
  "test_iou": 0.37417668104171753
}